 ,Country Code,Indicator Name,Indicator Code,1960,1961,1962,1963,1964,1965,1966,1967,1968,1969,1970,1971,1972,1973,1974,1975,1976,1977,1978,1979,1980,1981,1982,1983,1984,1985,1986,1987,1988,1989,1990,1991,1992,1993,1994,1995,1996,1997,1998,1999,2000,2001,2002,2003,2004,2005,2006,2007,2008,2009,2010,2011,2012,2013,2014,2015,2016,2017,2018,2019,2020,2021,"AVG/14,15,16",
Australia,AUS,Population density (people per sq. km of land area),EN.POP.DNST,,1.364565299,1.398279161,1.425354386,1.453601135,1.482368561,1.516603101,1.535868164,1.563203728,1.596266743,1.628028065,1.684000885,1.715241529,1.741665907,1.786313995,1.808442784,1.826666493,1.84736342,1.868971532,1.889277951,1.912448095,1.942551059,1.976523567,2.003758249,2.027959205,2.055154316,2.085098213,2.117057912,2.151981047,2.188721607,2.221356625,2.249851737,2.275182563,2.2955115,2.317726202,2.343683793,2.37230608,2.398114757,2.42213712,2.448780183,2.476966794,2.508975307,2.53767882,2.567035523,2.594629473,2.626406675,2.662088958,2.711118025,2.765994429,2.823588378,2.867858584,2.90798641,2.95920037,3.010573526,3.055814795,3.100112596,3.144935531,3.197365841,3.245784982,3.294351419,3.335312311,3.33957517,3.100287641,AUS
Austria,AUT,Population density (people per sq. km of land area),EN.POP.DNST,,85.87371546,86.40164809,86.95844644,87.54000242,88.11062773,88.73080465,89.3964857,89.86188803,90.172746,90.4881968,90.89289869,91.42269753,91.93062288,92.08722734,91.84322588,91.68110761,91.7163112,91.64208677,91.48600339,91.48610034,91.71970431,91.78550654,91.63730005,91.63153175,91.67456374,91.73284052,91.79091129,91.9209525,92.33600339,93.04229278,93.97589675,95.01586282,95.80262967,96.17205526,96.31941348,96.44955162,96.55890693,96.6649176,96.85317499,97.08635482,97.45871304,97.93937227,98.41763209,99.03012603,99.70708919,100.2016602,100.5269874,100.8421716,101.1066772,101.3500242,101.6922322,102.1569438,102.7608216,103.5670868,104.7345977,105.8733398,106.6113185,107.1318589,107.6093068,108.0570044,108.5288051,104.7250081,AUT
Belgium,BEL,Population density (people per sq. km of land area),EN.POP.DNST,,,,,, ,,,,,,,,,,,,,,,,,,,,,,,,,,,,,,,,,,,338.5485469,339.7149934,341.2412483,342.6728203,344.1590819,346.0573646,348.347358,350.9147952,353.6979194,356.555251,359.8278071,364.5397622,366.8075297,368.5405218,370.180218,372.3314399,374.2213342,375.6657199,377.3795905,379.4247028,381.0635403,382.8583884,372.2443307,BEL
Canada,CAN,Population density (people per sq. km of land area),EN.POP.DNST,,2.037902692,2.076160074,2.115198219,2.155463277,2.194836034,2.23610493,2.276704601,2.313735069,2.345411735,2.378426852,2.449591382,2.478193069,2.508677845,2.543945128,2.58134434,2.615534282,2.646322551,2.672797105,2.699381078,2.73441759,2.768352668,2.801482334,2.829311958,2.856148117,2.88236647,2.911161229,2.94978925,2.988285991,3.042385498,3.088601866,3.127225314,3.164461458,3.199428482,3.234663084,3.268308165,3.302651359,3.335636361,3.363434308,3.390885151,3.42261134,3.459995605,3.497826579,3.529497557,3.562582608,3.596389418,3.632909156,3.66836148,3.708302298,3.750884772,3.792822224,3.830124732,3.871939493,3.913066959,3.952604904,3.982215114,4.027563942,4.07616632,4.134148896,4.193949311,4.23922642,4.349505388,3.98746132,CAN
Switzerland,CHE,Population density (people per sq. km of land area),EN.POP.DNST,,137.4796094,141.0092846,144.0560362,146.4589152,148.1600891,149.7167071,151.583308,153.5041996,155.241525,156.3670563,157.1898148,158.3929367,159.5665604,160.4281775,160.3580247,159.4440397,158.9044222,158.9186905,159.2352748,159.8688143,160.7457972,161.6877707,162.3825569,162.9664101,163.6870723,164.5407733,165.5771973,166.7982406,168.151991,169.8872506,172.0235218,173.9302591,175.5211486,176.9255639,178.111454,178.905302,179.3423102,179.8815358,180.74705,181.7712317,182.9307258,184.3254821,185.7038566,186.9906177,188.1981564,189.3887944,191.0948546,193.5413607,195.9777672,198.0326587,200.2498644,202.390548,204.7343366,207.2507514,209.6266208,211.9315721,213.9184801,215.5000945,217.0427817,218.6344696,220.285662,209.6029814,CHE
Chile,CHL,Population density (people per sq. km of land area),EN.POP.DNST,,11.18113948,11.41325457,11.6417397,11.86908701,12.09757751,12.32179516,12.54319653,12.76542503,12.98706579,13.20787942,13.42830974,13.64536429,13.86334684,14.08512747,14.309446,14.53181437,14.75371739,14.979514,15.20355681,15.42613902,15.65179844,15.88016118,16.10759591,16.33790879,16.57816476,16.83115454,17.09783036,17.37435511,17.65710017,17.94525051,18.23989418,18.53625264,18.82687766,19.11239059,19.38961067,19.65683118,19.91748708,20.16959862,20.41123987,20.64712615,20.8786952,21.1070808,21.32942765,21.54307548,21.75469381,21.96889307,22.18537736,22.40853386,22.639842,22.86944207,23.09728835,23.32350323,23.54965893,23.78795802,24.0341021,24.32158804,24.7044875,25.15217906,25.60681316,25.95761178,26.21700747,24.04788272,CHL
Colombia,COL,Population density (people per sq. km of land area),EN.POP.DNST,,14.58532132,15.04396755,15.51235331,15.9889626,16.47211717,16.95485083,17.43484543,17.91122397,18.37968815,18.84204957,19.29284633,19.73686796,20.18595584,20.63800901,21.09394412,21.55295358,22.03147904,22.53592429,23.05482019,23.59278504,24.14239027,24.70049031,25.27474448,25.85762235,26.43196034,27.00324561,27.58273817,28.17190356,28.77252546,29.3838603,29.98884903,30.58948986,31.19849932,31.81204236,32.42010005,33.01719063,33.61148806,34.19956196,34.77695629,35.34487156,35.90615142,36.4615142,37.00557639,37.53787111,38.05402434,38.5515187,39.03252096,39.49104371,39.94043894,40.39306715,40.83722307,41.26400811,41.67456512,42.07115548,42.46933574,42.92560162,43.57969446,44.41366471,45.23425507,45.90415683,46.43223254,42.48869761,COL
Costa Rica,CRI,Population density (people per sq. km of land area),EN.POP.DNST,,27.34308656,28.33993341,29.35070505,30.36938895,31.38926753,32.40538582,33.4128868,34.39743439,35.36952605,36.34345868,37.31856639,38.29900118,39.29195065,40.31012534,41.36016451,42.45092049,43.58852331,44.77497062,46.00975323,47.28364669,48.59643557,49.95652174,51.36177047,52.80454367,54.27855464,55.77455934,57.27761457,58.78301998,60.30162554,61.85376028,63.44328241,65.05951821,66.69353702,68.33435174,69.97367803,71.60661966,73.2358206,74.84177438,76.40873482,77.93170779,79.38155112,80.74075597,82.03309832,83.29024677,84.52579318,85.74563259,86.95689385,88.16923228,89.36793968,90.52589111,91.65542499,92.76523698,93.84126518,94.87442225,95.87234626,96.85086173,97.80340776,98.7217783,99.57955347,100.334998,100.9392284,95.86587675,CRI
Czechia,CZE,Population density (people per sq. km of land area),EN.POP.DNST,,,,,,,,,,,,,,,,,,,,,,,,,,,,,,,,,,133.6851948,133.7334929,133.6515206,133.4960657,133.3522842,133.2259997,133.0899444,132.7172641,132.2195548,131.964747,131.9269833,131.9842221,132.1669169,132.5424595,133.3181618,134.4459218,135.214086,135.6261815,135.9068756,136.0971773,136.1599586,136.30338,136.589289,136.8518586,137.2158788,137.6755343,138.2268103,138.5759288,136.1083491,136.5815092,CZE
Germany,DEU,Population density (people per sq. km of land area),EN.POP.DNST,,210.1728067,212.0292842,214.0015267,215.7314954,217.5799702,219.4034056,220.4088334,221.3912124,223.153788,223.8973706,224.3085441,225.3843898,226.0953398,226.1834646,225.341718,224.3775957,223.8702317,223.675479,223.774382,224.2390399,224.5808352,224.3673302,223.7799158,223.0077192,222.509876,222.6117377,222.9539713,223.8267092,225.5643543,227.5170538,229.1808094,230.9300203,232.4597932,233.2741772,233.9674907,234.6524707,235.0229795,235.0787777,235.2577311,235.5968133,236.0273001,236.4515708,236.6164273,236.5921954,236.4646806,236.2251979,235.9433619,235.5221782,234.9396374,234.6069082,230.3046333,230.7506255,231.1557126,232.1080539,234.1529869,235.7129294,236.5887226,237.2940123,237.8229543,238.0173188,238.1180858,233.9913234,DEU
Denmark,DNK,Population density (people per sq. km of land area),EN.POP.DNST,,115.292175,116.193175,117.112075,118.0518,118.9753,119.934525,120.88385,121.622075,122.2965,123.218925,124.07815,124.7899,125.546525,126.132425,126.49655,126.8149,127.210475,127.6062,127.920025,128.075675,128.0393,127.94525,127.857425,127.790475,127.842275,128.01335,128.1756,128.2379,128.31485,128.523475,128.85745,129.28425,129.7157,130.1545,130.834325,131.57685,132.124775,132.605475,133.044975,133.4904,133.969575,134.398275,134.76435,135.113075,135.4858,135.9318,136.53595,137.340525,138.077375,138.692075,139.2643,139.7893,140.3733,141.086875,142.087075,143.20025,144.1245,144.8409,145.36055,145.7851,146.418325,142.1247333,DNK
Spain,ESP,Population density (people per sq. km of land area),EN.POP.DNST,,61.50556245,62.07404458,62.62085518,63.24621834,63.93671616,64.59480972,65.39466765,66.25542038,66.91154908,67.65883189,68.47911081,69.23940334,70.00869783,70.78206103,71.56876088,72.33783454,73.09051928,73.79916722,74.45115506,75.06189561,75.59890882,76.0541625,76.43018041,76.74668429,77.02529233,77.25577447,77.45638115,77.62081331,77.74259971,77.82180442,78.02013455,78.40318156,78.81079209,79.18690533,79.53718164,79.86915746,80.20460716,80.53721969,80.86431804,81.29832465,81.94337639,83.02251924,84.50881393,85.98480508,87.4654972,88.97614934,90.61490052,92.12932237,92.97506517,93.15193096,93.50783588,93.50683713,93.2009456,92.92273645,92.95268592,93.04926296,93.27091015,93.66979208,94.3508089,94.81538375,94.88212075,92.97489511,ESP
Estonia,EST,Population density (people per sq. km of land area),EN.POP.DNST,,,,,,,,,,,,,,,,,,,,,,,,,,,,,,,,,36.1663364,35.24718094,34.50139184,33.89087049,33.39452701,33.01568766,32.70007077,32.79650861,32.95553197,32.7462845,32.53951404,32.33592828,32.14319415,31.95977825,31.77188016,31.62727058,31.5425808,31.48183534,31.41012031,31.31490918,31.20301958,30.31969174,30.24028065,30.26011042,30.2689211,30.816,30.9234386,31.03854971,31.09992982,31.13291228,30.25643739,EST
Finland,FIN,Population density (people per sq. km of land area),EN.POP.DNST,,14.64593388,14.74586493,14.85048426,14.93333005,14.98319708,15.0394596,15.12112676,15.18916905,15.1803572,15.12297515,15.14207295,15.23246659,15.31921928,15.39963229,15.4681375,15.51483634,15.55829804,15.60303359,15.64296267,15.69170032,15.75877081,15.84731278,15.9420434,16.02745658,16.09444171,16.14680062,16.19266227,16.23980104,16.29853574,16.37096096,16.46061919,16.55337339,16.63366164,16.70551561,16.76939492,16.82449522,16.87460192,16.91945894,16.95877737,16.99402147,17.03275879,17.07409304,17.11485604,17.16462129,17.22346761,17.31698399,17.39195633,17.48403751,17.56785456,17.64841066,17.73099477,17.81556155,17.89783145,17.97200303,18.03011089,18.08200783,18.12389445,18.14795012,18.16736091,18.19287688,18.23016591,18.02804058,FIN
France,FRA,Population density (people per sq. km of land area),EN.POP.DNST,,86.12960082,87.07588126,88.0075443,89.00113776,90.0033165,90.97906188,91.92318734,92.8052874,93.63744827,94.46188405,95.30398527,96.13067283,96.88998221,97.55034096,98.09910221,98.55717484,99.02365742,99.50616912,99.99447555,100.5405412,101.1221369,101.7121333,102.2573644,102.7742793,103.3102768,103.8508472,104.4045996,104.9602258,105.4964735,106.00494,106.941587,107.4755244,107.9434552,108.3478247,108.7424329,109.131197,109.5209418,109.9279174,110.497036,111.2583191,112.0728386,112.8925483,113.6351888,114.5363143,115.4005793,116.2039039,116.9225067,117.576245,118.1810825,118.7649414,119.3395993,119.9185473,120.5395767,121.1053224,121.5367021,121.857823,122.2119706,122.6508802,123.0702941,123.4046994,123.7307385,121.4999492,FRA
United Kingdom,GBR,Population density (people per sq. km of land area),EN.POP.DNST,,218.2449469,220.104989,221.7583599,223.2050593,224.6436986,225.8855867,227.1053611,228.2135328,229.1644277,230.0799818,231.0429587,231.8276568,232.2759765,232.4224941,232.4052412,232.3480676,232.2716984,232.2841483,232.4926673,232.7707023,232.8517712,232.7683255,232.8477163,233.2165172,233.746406,234.288414,234.7871285,235.3090853,235.9224197,236.6287191,237.3616211,238.0043897,238.5756789,239.1838342,239.8174265,240.4288431,241.0488736,241.7523292,242.5596908,243.4279089,244.366854,245.4035423,246.5489067,247.9556277,249.6639772,251.5058901,253.4719258,255.4747034,257.4144174,259.4401893,261.4756748,263.3001901,265.0695366,267.0288844,269.1531393,271.2007316,273.049473,274.7089819,276.2630802,277.2753854,277.0483198,269.1275851,GBR
Greece,GRC,Population density (people per sq. km of land area),EN.POP.DNST,,65.15166796,65.54098526,65.78452289,66.02349884,66.33307215,66.82429015,67.37073701,67.81043445,68.05868115,68.21416602,68.51075252,68.95754849,69.27141971,69.52693561,70.18262995,71.28122576,72.21473235,73.15716835,74.0749263,74.80608999,75.47982933,75.94657099,76.38965865,76.77114818,77.06982157,77.32515904,77.58413499,77.86643134,78.27384019,79.10622188,80.06149728,80.67541505,81.15139643,81.55874321,81.94067494,82.30256012,82.70953452,83.16919317,83.48873545,83.83093871,84.2678976,84.5773623,84.77944143,84.98945694,85.23905353,85.49543832,85.71352211,85.94135764,86.16770365,86.27882855,86.1512723,85.68666408,85.06757952,84.50281614,83.94788984,83.5994647,83.43428239,83.26518231,83.17751746,82.99921645,82.55408068,84.01672356,GRC
Hungary,HUN,Population density (people per sq. km of land area),EN.POP.DNST,,111.3873945,111.7722062,112.0509497,112.4051427,112.7297823,113.0835796,113.5178222,113.9661629,114.4429714,114.891198,115.2332666,115.5772924,115.9503723,116.4690452,117.1559964,117.8285381,118.3640618,118.7598311,119.0408363,119.1315983,119.1529255,119.0959506,118.930385,118.6926457,118.4770027,118.2750779,118.0767802,117.9090575,116.6320129,115.4332703,115.4267275,115.3815623,115.2628867,115.1052192,114.9450812,114.7478077,114.5933853,114.3270601,114.0036748,113.9362977,113.6752511,113.3520196,113.0278063,112.7777951,112.5662872,112.3911394,112.2171633,112.0208459,110.7108141,110.4608748,110.1483155,109.5809345,109.2795979,108.1138286,107.8569801,107.5391519,107.253627,107.1177296,107.0692636,106.8392395,106.3981043,107.8366535,HUN
Ireland,IRL,Population density (people per sq. km of land area),EN.POP.DNST,,40.99869357,41.16780375,41.4087676,41.61053854,41.76658441,41.9335172,42.13165917,42.32181739,42.57003919,42.92713021,43.43228335,44.08259544,44.79532588,45.54362026,46.29917259,47.0031935,47.64407026,48.32486573,48.97300044,49.53984613,50.12338511,50.59950646,50.95950065,51.27628103,51.35842648,51.38176804,51.38709537,51.16778923,50.96543765,51.00847728,51.30258383,51.65379591,51.91262883,52.11766584,52.38555668,52.80171288,53.3338801,53.89310495,54.50407897,55.23550588,56.12197706,57.07572942,58.01307882,59.08349543,60.38487444,62.03499782,63.85457976,65.16974888,65.83502685,66.19473073,66.484018,66.76633764,67.11882712,67.61126433,68.25311366,69.0279431,69.78353898,70.65344753,71.62636087,72.36728117,73.06089418,68.29744036,IRL
Iceland,ISL,Population density (people per sq. km of land area),EN.POP.DNST,,1.785825436,1.81923192,1.851900249,1.885117207,1.918064838,1.950822943,1.982553616,2.009855362,2.028618454,2.039281796,2.055840399,2.086154613,2.117875312,2.146723192,2.174354115,2.196049875,2.212458853,2.229795511,2.251720698,2.275690773,2.301795511,2.33276808,2.363860349,2.389137157,2.408029925,2.425735661,2.452458853,2.49117207,2.522214464,2.541905237,2.571541147,2.60405985,2.630673317,2.65357606,2.668009975,2.682453865,2.704518703,2.73363591,2.766892768,2.805037406,2.842573566,2.86805985,2.887990025,2.913456359,2.95994015,3.030244389,3.107890274,3.166224439,3.177047382,3.172478803,3.182184539,3.199162095,3.229566085,3.265695761,3.299900249,3.346024938,3.425436409,3.498175146,3.575949618,3.634463949,3.694535357,3.303873649,ISL
Israel,ISR,Population density (people per sq. km of land area),EN.POP.DNST,,100.9704251,105.961183,109.935305,114.3715342,118.4380776,121.4879852,126.8484288,129.5286506,132.948244,137.4306839,141.8207024,145.4713494,151.4787431,156.0536044,159.6580407,163.2624769,166.9593346,170.5175601,174.9537893,179.2051756,182.8096118,186.2754159,189.6950092,192.1903882,195.6099815,198.6598891,201.8946396,205.2680222,208.780037,215.3419593,228.6968577,236.7375231,243.1146026,249.4916821,256.2384473,263.0314233,269.6857671,275.9242144,283.0406654,290.6192237,297.5508318,303.6044362,309.1358595,314.6487985,320.2449168,325.9565619,331.797597,337.7449168,345.9149723,352.2920518,358.8632163,365.5499076,372.435305,379.6534196,387.2504621,394.9168207,402.6478743,410.4805915,418.3918669,425.836414,432.7495379,387.2735675,ISR
Italy,ITA,Population density (people per sq. km of land area),EN.POP.DNST,,171.8280575,172.9946279,174.2613308,175.7007582,177.1865969,178.5692428,179.8663765,181.0062562,182.0337629,182.999048,183.8546462,184.9013804,186.1596206,187.3818231,188.5043045,189.4470096,190.253344,190.9324504,191.4853252,191.8801911,192.1106899,192.2530618,192.322852,192.3658427,192.4214444,192.4319302,192.4515691,192.5445854,192.6890653,192.8504301,192.983989,193.1151168,193.2332155,193.2725851,193.2756554,193.329982,193.432294,193.4879603,193.5205093,192.5554346,192.6636187,192.9507402,193.8103294,195.068704,196.0296093,196.6196816,197.6149913,198.9284758,199.8368885,200.4525156,200.797547,201.3395093,203.6871208,205.5645581,205.3665384,205.0179495,204.7109374,204.3222259,201.9805456,200.9991005,199.8859315,205.3163487,ITA
Japan,JPN,Population density (people per sq. km of land area),EN.POP.DNST,,256.4903191,258.8846469,261.5216798,264.2568857,267.1175348,269.5691301,272.3725116,275.4595037,278.7537497,281.982547,288.238342,292.3840698,296.5275505,300.4964539,304.4283765,307.7080491,310.7860262,313.6271834,316.2936681,318.8834289,321.1271834,323.5390497,325.7973785,329.2651494,331.4234778,333.1011791,334.8025233,336.1985738,337.5452551,338.6670324,340,341.2643993,342.372463,343.3296764,344.1360395,345.0123457,345.8353909,346.776406,347.4101509,347.9917695,348.8312757,349.6433471,350.3923182,350.5102881,350.5432099,350.7654321,351.1687243,351.3388203,351.2949246,351.3580247,350.7078189,350.1481481,349.6433471,349.1796982,348.8093278,348.6310014,348.345679,347.9039781,347.4156379,346.3950617,344.8054678,348.8733425,JPN
"Korea, Rep.",KOR,Population density (people per sq. km of land area),EN.POP.DNST,,267.112513,274.8603566,282.6222994,290.111497,297.5811113,305.1583143,312.3676446,319.7004147,327.0191375,334.2403794,340.8947128,347.3502592,353.5470558,359.6544267,365.7549762,371.6413332,377.4807692,383.2592266,389.1171055,395.2288513,401.4435828,407.6959569,413.7508086,418.8882024,423.0328012,427.261808,431.4917064,435.7375803,440.0688161,444.4254924,448.8461953,453.5347502,458.1653328,462.7984657,467.4786544,471.9539809,476.4003732,479.8517831,483.2746942,487.3326871,489.6647095,492.2485381,494.7554752,496.6176307,497.5174084,499.9823699,502.3074494,505.7707805,508.0139604,509.8159671,513.8042803,515.8755832,517.6122698,520.8524992,523.5255477,525.3700725,526.7348067,528.9690115,530.3772746,531.1090061,530.1729098,523.2493731,KOR
Lithuania,LTU,Population density (people per sq. km of land area),EN.POP.DNST,,,,,,,,,,,,,,,,,,,,,,,,,,,,,,,,,59.03181238,58.75260051,58.34626675,57.89888322,57.46032227,57.03792278,56.62621251,56.22587747,55.83178047,55.373612,54.93087109,54.48648692,53.87803127,53.00778558,52.1682993,51.55223357,51.02881532,50.46535301,49.4181412,48.31533012,47.67165013,47.19088951,46.80553871,46.36727853,45.78766642,45.15258377,44.73164618,44.6205206,44.63246567,44.73469094,46.32016122,LTU
Luxembourg,LUX,Population density (people per sq. km of land area),EN.POP.DNST,,,,,,,,,,,,,,,,,,,,,,,,,,,,,,,,,,,,,,,,,169.4724331,171.5019849,173.3081889,175.4270799,177.9382861,180.681774,183.5868493,186.4441475,189.8067944,193.3543345,196.9162465,201.342029,206.2358708,211.0578529,216.0915299,221.2518353,226.0722637,231.6353721,236.1466094,240.827591,244.8742649,248.6206816,221.138543,LUX
Latvia,LVA,Population density (people per sq. km of land area),EN.POP.DNST,,,,,,,,,,,,,,,,,,,,,,,,,,,,,,,,,42.01292044,41.19256914,40.5088145,39.93533354,39.48803574,39.09638903,38.72947434,38.41551095,38.04698925,37.55877674,37.12492969,36.76788211,36.36881097,35.97793562,35.6494287,35.35965096,34.98998827,34.41703762,33.70811706,33.09992447,32.69190223,32.34362897,32.04046475,31.77924374,31.49014094,31.21230334,30.97006123,30.75549199,30.53911297,30.2826611,31.76994981,LVA
Mexico,MEX,Population density (people per sq. km of land area),EN.POP.DNST,,19.25940328,19.89931994,20.56746213,21.26282981,21.98512873,22.72714679,23.48669616,24.26520075,25.05948918,25.86964994,26.69702153,27.54362818,28.41030016,29.29390159,30.19207387,31.09778698,32.02886134,32.98644358,33.93755601,34.82866638,35.61499473,36.34701664,37.07930245,37.80429229,38.515397,39.21107282,39.89480388,40.58335605,41.27356619,42.03833843,42.87743769,43.72188791,44.57339283,45.43039893,46.28183441,47.11363718,47.93492322,48.74985673,49.55621801,50.34771573,51.13006404,51.91341393,52.69134546,53.47144371,54.24131382,54.98433087,55.71283881,56.42351346,57.12566064,57.88852645,58.72089354,59.54675223,60.33626688,61.08999048,61.80709226,62.51149515,63.190544,63.79477919,64.34595077,64.81560843,65.17921654,61.8028593,MEX
Netherlands,NLD,Population density (people per sq. km of land area),EN.POP.DNST,,344.7485782,349.6945794,354.4421209,359.2156398,364.1804502,368.9647808,373.1694609,377.0651955,381.456872,386.212263,390.8322571,394.804295,398.0841825,401.2161137,404.8085012,407.9987263,410.4320201,412.9650474,415.8255332,419.1291469,422.014455,423.9540877,425.5648697,427.2574348,429.2545024,431.6433057,434.3909064,437.2065758,439.8372927,442.876481,446.3802725,449.7679502,452.9137441,455.6527844,457.9089455,460.0265995,462.4007701,465.2609301,468.3675355,471.7272808,475.3015403,478.3450533,480.6072867,482.2801836,483.4084123,484.1854562,485.2398104,487.1324941,490.0796917,492.5998814,495.0496441,496.8849941,498.7958445,500.5938854,503.1162162,505.8008316,508.8,511.7797446,515.1432729,518.013068,520.7319275,503.1703111,NLD
Norway,NOR,Population density (people per sq. km of land area),EN.POP.DNST,,9.883256125,9.962978173,10.03859612,10.11471509,10.19364589,10.27535565,10.36167329,10.44914085,10.53462069,10.6114351,10.68611394,10.76815499,10.84374281,10.91122099,10.97160528,11.0231845,11.06987384,11.11221813,11.15012704,11.18600169,11.22455673,11.26585789,11.30321648,11.33515951,11.36915596,11.40978086,11.46330946,11.52513936,11.57281434,11.61271095,11.66817799,11.73571914,11.80578189,11.87319436,11.9349914,11.99564127,12.06086068,12.13288651,12.2162527,12.29579952,12.35817974,12.4250063,12.49809716,12.57217093,12.65808884,12.76044781,12.89317005,13.05486743,13.22054846,13.38626233,13.56103865,13.74032975,13.91208868,14.07044491,14.20793848,14.33542438,14.45257626,14.54888964,14.6479975,14.76721523,14.84700909,14.20460259,NOR
New Zealand,NZL,Population density (people per sq. km of land area),EN.POP.DNST,,9.189548441,9.426151684,9.615282367,9.818844708,9.982150317,10.16254605,10.34560024,10.43674756,10.53055334,10.67449014,10.83513729,11.02844556,11.24643956,11.48342258,11.70901219,11.81307204,11.84991075,11.85370856,11.80737534,11.82218678,11.86776043,11.98625195,12.15031712,12.25589609,12.33185219,12.32881395,12.43553226,12.46971251,12.52971782,12.64593065,13.2737078,13.41270746,13.56651855,13.74805363,13.9508564,14.17340777,14.36063955,14.48862557,14.56496145,14.65079184,14.73738179,14.99563252,15.29451977,15.5235274,15.69974555,15.89229425,16.0411682,16.17788918,16.34043523,16.52310964,16.64957654,16.74110364,16.87022901,17.15278569,17.50560176,17.90323193,18.28111352,18.61152254,18.91003,19.33158634,19.41209981,17.52053979,NZL
Poland,POL,Population density (people per sq. km of land area),EN.POP.DNST,,97.82885501,98.95360606,100.270985,101.6665578,102.6639786,103.4346534,104.4342127,105.4381632,106.2662836,106.6450096,107.0341833,107.9227203,108.9072448,109.9575533,111.0555323,112.1691861,113.2555748,114.1584773,115.0779229,116.1453198,117.2045676,118.2881615,119.4025531,120.4875575,121.4596787,122.2897222,122.9816351,123.4923994,123.939825,124.4271181,124.8692187,125.2527572,125.5718698,125.8371217,126.0080251,126.1039211,126.1864899,126.2316138,126.2211336,124.9098208,124.8753665,124.8175389,124.7536899,124.6440832,124.5893154,124.5144522,124.446853,124.4719523,124.5644606,124.2092007,124.2962969,124.3000588,124.2291107,124.1442732,124.0615696,124.008253,124.0237304,124.0315838,124.0255954,123.8005749,123.3163149,124.0713653,POL
Portugal,PRT,Population density (people per sq. km of land area),EN.POP.DNST,,97.58815301,98.29491803,98.69240437,98.74715847,98.34530055,97.60644809,96.98928962,96.57540984,95.71262295,94.86809836,94.46727869,94.32163934,94.35081967,95.67612022,99.38218579,102.2492896,103.3407104,104.4617486,105.5875956,106.7356503,107.6651585,108.3253661,108.8291257,109.2484372,109.5476831,109.6473661,109.6178251,109.5039344,109.3442623,109.1062077,108.8550273,108.7704262,108.9035519,109.1969945,109.575694,109.9884699,110.480623,111.0403934,111.6702514,112.4579016,113.2537923,113.8757486,114.3040546,114.5777158,114.8281404,115.0353996,115.2614409,115.4277577,115.3864723,115.4394585,115.2697893,114.8034065,114.1561287,113.5417704,113.0725196,112.7163842,112.4418158,112.261936,112.2885828,112.406676,112.7130547,113.1102247,PRT
Slovak Republic,SVK,Population density (people per sq. km of land area),EN.POP.DNST,,,,,,,,,,,,,,,,,,,,,,,,,,,,,,,,,,110.7132017,111.1503326,111.4760707,111.7122869,111.9187318,112.0689397,112.183368,112.0316008,111.8267568,111.7861123,111.6893369,111.6898129,111.7007692,111.7059044,111.7385031,111.8343659,112.006779,112.1088769,112.2605224,112.4517343,112.5726377,112.7006864,112.8031488,112.9533694,113.1287854,113.2855865,113.4389975,113.5363353,113.2954867,112.8190682,SVK
Slovenia,SVN,Population density (people per sq. km of land area),EN.POP.DNST,,,,,,,,,,,,,,,,,,,,,,,,,,,,,,,,,99.13098312,98.89503476,98.7806852,98.8019861,98.74021847,98.60754717,98.39270109,98.46300894,98.75496524,98.91062562,99.03326713,99.09299901,99.15650447,99.32840119,99.64587885,100.2046673,100.3323704,101.2453712,101.6858266,101.8982925,102.1140492,102.2816783,102.3823237,102.4461092,102.5241783,102.6108719,102.9922926,103.7119346,104.4088814,104.6899644,102.4508704,SVN
Sweden,SWE,Population density (people per sq. km of land area),EN.POP.DNST,,18.461245,18.56334651,18.66827122,18.8082674,18.98624907,19.16777815,19.31540432,19.42426186,19.56124581,19.74470203,19.88103296,19.93986837,19.97426718,20.03230964,20.11205144,20.18532935,20.25714655,20.31621028,20.36059338,20.40196671,20.42644751,20.43813309,20.44738826,20.46597717,20.49980888,20.54754054,20.61621786,20.71118774,20.84983123,21.01154147,21.15525445,21.27970095,21.40366137,21.55632019,21.66972431,21.7042385,21.71667039,21.72872912,21.7456683,21.78061456,21.83916765,21.91035639,21.99203515,22.07869992,22.16717889,22.29221704,22.45813998,22.63377962,22.82742144,23.02286274,23.19737801,23.36962,23.5684835,23.80349865,24.05826177,24.36244975,24.69294198,24.98145887,25.23766548,25.42072337,25.57385697,24.07473672,SWE
Turkiye,TUR,Population density (people per sq. km of land area),EN.POP.DNST,,36.71244884,37.72416226,38.75612567,39.77602354,40.76573938,41.80292478,42.91216559,44.02644777,45.11517223,46.17931993,47.24342476,48.31936775,49.41106246,50.49623845,51.54891311,52.62398425,53.77344438,54.95134805,56.11459533,57.28605824,58.44610657,59.70400192,61.10264023,62.5063524,63.89521328,65.25718202,66.59063706,67.92340475,69.26085781,70.58475111,71.88021777,73.15468082,74.44617284,75.76399699,77.05714434,78.34126268,79.61933137,80.87289217,82.09869028,83.30437613,84.54974208,85.74076244,86.88243312,88.07488663,89.26979847,90.43479724,91.56200902,92.66884867,93.84462534,95.10458922,96.37599106,97.80990736,99.49731299,101.49302,103.486322,105.2705768,106.6614165,107.5962527,108.4698933,109.3193197,110.1508569,103.4166396,TUR
United States,USA,Population density (people per sq. km of land area),EN.POP.DNST,,20.05587971,20.36672286,20.66195289,20.9509595,21.21452654,21.4609519,21.69591307,21.91362338,22.12882249,22.3881314,22.67298907,22.91701241,23.13679719,23.34915755,23.58051569,23.80565042,24.0462891,24.30243172,24.57211299,24.80903945,25.05371789,25.29370147,25.52604226,25.74801069,25.97718518,26.21836977,26.45376768,26.69506145,26.94836532,27.25451361,27.62114913,28.00689161,28.37865871,28.72880764,29.07295151,29.41316481,29.76942797,30.11848507,30.46634116,30.79730133,31.10362839,31.39354993,31.66453462,31.95894507,32.2548766,32.56739985,32.87861136,33.24368685,33.53639923,33.81578008,34.06244395,34.31324483,34.55181319,34.8061343,35.06332868,35.31834714,35.54249482,35.73009646,35.89317567,36.24098511,36.29783633,35.06260337,USA
